Pad,Foto's,Video's
C:/OneDrive/Vioprint/OneDrive - Vioprint/leveranciers,229,1
  C:/OneDrive/Vioprint/OneDrive - Vioprint/leveranciers\Wipotec,22,1
    C:/OneDrive/Vioprint/OneDrive - Vioprint/leveranciers\Wipotec\vertalingen tjoapack,0,0
    C:/OneDrive/Vioprint/OneDrive - Vioprint/leveranciers\Wipotec\update,4,0
      C:/OneDrive/Vioprint/OneDrive - Vioprint/leveranciers\Wipotec\update\Update Documents,4,0
        C:/OneDrive/Vioprint/OneDrive - Vioprint/leveranciers\Wipotec\update\Update Documents\Wipotec_Live_USB_V3_1,4,0
          C:/OneDrive/Vioprint/OneDrive - Vioprint/leveranciers\Wipotec\update\Update Documents\Wipotec_Live_USB_V3_1\CopyFolder,4,0
            C:/OneDrive/Vioprint/OneDrive - Vioprint/leveranciers\Wipotec\update\Update Documents\Wipotec_Live_USB_V3_1\CopyFolder\utils,0,0
              C:/OneDrive/Vioprint/OneDrive - Vioprint/leveranciers\Wipotec\update\Update Documents\Wipotec_Live_USB_V3_1\CopyFolder\utils\win64,0,0
              C:/OneDrive/Vioprint/OneDrive - Vioprint/leveranciers\Wipotec\update\Update Documents\Wipotec_Live_USB_V3_1\CopyFolder\utils\win32,0,0
              C:/OneDrive/Vioprint/OneDrive - Vioprint/leveranciers\Wipotec\update\Update Documents\Wipotec_Live_USB_V3_1\CopyFolder\utils\mbr,0,0
              C:/OneDrive/Vioprint/OneDrive - Vioprint/leveranciers\Wipotec\update\Update Documents\Wipotec_Live_USB_V3_1\CopyFolder\utils\linux,0,0
                C:/OneDrive/Vioprint/OneDrive - Vioprint/leveranciers\Wipotec\update\Update Documents\Wipotec_Live_USB_V3_1\CopyFolder\utils\linux\x86,0,0
                C:/OneDrive/Vioprint/OneDrive - Vioprint/leveranciers\Wipotec\update\Update Documents\Wipotec_Live_USB_V3_1\CopyFolder\utils\linux\x64,0,0
            C:/OneDrive/Vioprint/OneDrive - Vioprint/leveranciers\Wipotec\update\Update Documents\Wipotec_Live_USB_V3_1\CopyFolder\syslinux,2,0
            C:/OneDrive/Vioprint/OneDrive - Vioprint/leveranciers\Wipotec\update\Update Documents\Wipotec_Live_USB_V3_1\CopyFolder\live,0,0
            C:/OneDrive/Vioprint/OneDrive - Vioprint/leveranciers\Wipotec\update\Update Documents\Wipotec_Live_USB_V3_1\CopyFolder\home,0,0
              C:/OneDrive/Vioprint/OneDrive - Vioprint/leveranciers\Wipotec\update\Update Documents\Wipotec_Live_USB_V3_1\CopyFolder\home\partimag,0,0
            C:/OneDrive/Vioprint/OneDrive - Vioprint/leveranciers\Wipotec\update\Update Documents\Wipotec_Live_USB_V3_1\CopyFolder\EFI,0,0
              C:/OneDrive/Vioprint/OneDrive - Vioprint/leveranciers\Wipotec\update\Update Documents\Wipotec_Live_USB_V3_1\CopyFolder\EFI\boot,0,0
            C:/OneDrive/Vioprint/OneDrive - Vioprint/leveranciers\Wipotec\update\Update Documents\Wipotec_Live_USB_V3_1\CopyFolder\boot,2,0
              C:/OneDrive/Vioprint/OneDrive - Vioprint/leveranciers\Wipotec\update\Update Documents\Wipotec_Live_USB_V3_1\CopyFolder\boot\grub,2,0
                C:/OneDrive/Vioprint/OneDrive - Vioprint/leveranciers\Wipotec\update\Update Documents\Wipotec_Live_USB_V3_1\CopyFolder\boot\grub\x86_64-efi,0,0
                C:/OneDrive/Vioprint/OneDrive - Vioprint/leveranciers\Wipotec\update\Update Documents\Wipotec_Live_USB_V3_1\CopyFolder\boot\grub\i386-efi,0,0
            C:/OneDrive/Vioprint/OneDrive - Vioprint/leveranciers\Wipotec\update\Update Documents\Wipotec_Live_USB_V3_1\CopyFolder\.disk,0,0
      C:/OneDrive/Vioprint/OneDrive - Vioprint/leveranciers\Wipotec\update\firewall update,0,0
        C:/OneDrive/Vioprint/OneDrive - Vioprint/leveranciers\Wipotec\update\firewall update\standaard confifguratie backup firewall,0,0
    C:/OneDrive/Vioprint/OneDrive - Vioprint/leveranciers\Wipotec\tools,1,0
      C:/OneDrive/Vioprint/OneDrive - Vioprint/leveranciers\Wipotec\tools\XML Test Client,0,0
        C:/OneDrive/Vioprint/OneDrive - Vioprint/leveranciers\Wipotec\tools\XML Test Client\XML Test Client,0,0
          C:/OneDrive/Vioprint/OneDrive - Vioprint/leveranciers\Wipotec\tools\XML Test Client\XML Test Client\platforms,0,0
        C:/OneDrive/Vioprint/OneDrive - Vioprint/leveranciers\Wipotec\tools\XML Test Client\platforms,0,0
      C:/OneDrive/Vioprint/OneDrive - Vioprint/leveranciers\Wipotec\tools\Wireshark Batch,0,0
      C:/OneDrive/Vioprint/OneDrive - Vioprint/leveranciers\Wipotec\tools\UaExpert,0,0
        C:/OneDrive/Vioprint/OneDrive - Vioprint/leveranciers\Wipotec\tools\UaExpert\1.7.1,0,0
      C:/OneDrive/Vioprint/OneDrive - Vioprint/leveranciers\Wipotec\tools\TQS_ScannerConfigTool_V1.11,0,0
        C:/OneDrive/Vioprint/OneDrive - Vioprint/leveranciers\Wipotec\tools\TQS_ScannerConfigTool_V1.11\translations,0,0
        C:/OneDrive/Vioprint/OneDrive - Vioprint/leveranciers\Wipotec\tools\TQS_ScannerConfigTool_V1.11\styles,0,0
        C:/OneDrive/Vioprint/OneDrive - Vioprint/leveranciers\Wipotec\tools\TQS_ScannerConfigTool_V1.11\platforms,0,0
        C:/OneDrive/Vioprint/OneDrive - Vioprint/leveranciers\Wipotec\tools\TQS_ScannerConfigTool_V1.11\imageformats,0,0
        C:/OneDrive/Vioprint/OneDrive - Vioprint/leveranciers\Wipotec\tools\TQS_ScannerConfigTool_V1.11\iconengines,0,0
      C:/OneDrive/Vioprint/OneDrive - Vioprint/leveranciers\Wipotec\tools\TQS_Mapping_NetworkDrive,0,0
      C:/OneDrive/Vioprint/OneDrive - Vioprint/leveranciers\Wipotec\tools\TQS_L3Log_Backup,0,0
      C:/OneDrive/Vioprint/OneDrive - Vioprint/leveranciers\Wipotec\tools\tool_LDAP_zelfgemaakt,0,0
        C:/OneDrive/Vioprint/OneDrive - Vioprint/leveranciers\Wipotec\tools\tool_LDAP_zelfgemaakt\UserPrincipalName,0,0
        C:/OneDrive/Vioprint/OneDrive - Vioprint/leveranciers\Wipotec\tools\tool_LDAP_zelfgemaakt\bakcup,0,0
          C:/OneDrive/Vioprint/OneDrive - Vioprint/leveranciers\Wipotec\tools\tool_LDAP_zelfgemaakt\bakcup\1307252107,0,0
          C:/OneDrive/Vioprint/OneDrive - Vioprint/leveranciers\Wipotec\tools\tool_LDAP_zelfgemaakt\bakcup\1307251308,0,0
          C:/OneDrive/Vioprint/OneDrive - Vioprint/leveranciers\Wipotec\tools\tool_LDAP_zelfgemaakt\bakcup\130720250837,0,0
            C:/OneDrive/Vioprint/OneDrive - Vioprint/leveranciers\Wipotec\tools\tool_LDAP_zelfgemaakt\bakcup\130720250837\UserPrincipalName,0,0
          C:/OneDrive/Vioprint/OneDrive - Vioprint/leveranciers\Wipotec\tools\tool_LDAP_zelfgemaakt\bakcup\1207251423,0,0
      C:/OneDrive/Vioprint/OneDrive - Vioprint/leveranciers\Wipotec\tools\Sns-Encoder_Decoder,0,0
      C:/OneDrive/Vioprint/OneDrive - Vioprint/leveranciers\Wipotec\tools\RFID Reader,0,0
        C:/OneDrive/Vioprint/OneDrive - Vioprint/leveranciers\Wipotec\tools\RFID Reader\ELATEC,0,0
      C:/OneDrive/Vioprint/OneDrive - Vioprint/leveranciers\Wipotec\tools\ProcessMonitor,0,0
      C:/OneDrive/Vioprint/OneDrive - Vioprint/leveranciers\Wipotec\tools\LDAPTool,0,0
        C:/OneDrive/Vioprint/OneDrive - Vioprint/leveranciers\Wipotec\tools\LDAPTool\cfg,0,0
        C:/OneDrive/Vioprint/OneDrive - Vioprint/leveranciers\Wipotec\tools\LDAPTool\bin,0,0
          C:/OneDrive/Vioprint/OneDrive - Vioprint/leveranciers\Wipotec\tools\LDAPTool\bin\platforms,0,0
      C:/OneDrive/Vioprint/OneDrive - Vioprint/leveranciers\Wipotec\tools\IpConfigTool,0,0
        C:/OneDrive/Vioprint/OneDrive - Vioprint/leveranciers\Wipotec\tools\IpConfigTool\platforms,0,0
      C:/OneDrive/Vioprint/OneDrive - Vioprint/leveranciers\Wipotec\tools\configuratie tool,1,0
        C:/OneDrive/Vioprint/OneDrive - Vioprint/leveranciers\Wipotec\tools\configuratie tool\TQS DeviceController Konfigurationstool 1.22.0,1,0
          C:/OneDrive/Vioprint/OneDrive - Vioprint/leveranciers\Wipotec\tools\configuratie tool\TQS DeviceController Konfigurationstool 1.22.0\Files,0,0
            C:/OneDrive/Vioprint/OneDrive - Vioprint/leveranciers\Wipotec\tools\configuratie tool\TQS DeviceController Konfigurationstool 1.22.0\Files\WatchdogConf,0,0
            C:/OneDrive/Vioprint/OneDrive - Vioprint/leveranciers\Wipotec\tools\configuratie tool\TQS DeviceController Konfigurationstool 1.22.0\Files\TaskSwitcherConf,0,0
          C:/OneDrive/Vioprint/OneDrive - Vioprint/leveranciers\Wipotec\tools\configuratie tool\TQS DeviceController Konfigurationstool 1.22.0\en,0,0
          C:/OneDrive/Vioprint/OneDrive - Vioprint/leveranciers\Wipotec\tools\configuratie tool\TQS DeviceController Konfigurationstool 1.22.0\de,0,0
          C:/OneDrive/Vioprint/OneDrive - Vioprint/leveranciers\Wipotec\tools\configuratie tool\TQS DeviceController Konfigurationstool 1.22.0\cfg,0,0
        C:/OneDrive/Vioprint/OneDrive - Vioprint/leveranciers\Wipotec\tools\configuratie tool\oude versie,0,0
          C:/OneDrive/Vioprint/OneDrive - Vioprint/leveranciers\Wipotec\tools\configuratie tool\oude versie\TQS DeviceController Konfigurationstool 1.19.0,0,0
            C:/OneDrive/Vioprint/OneDrive - Vioprint/leveranciers\Wipotec\tools\configuratie tool\oude versie\TQS DeviceController Konfigurationstool 1.19.0\Files,0,0
              C:/OneDrive/Vioprint/OneDrive - Vioprint/leveranciers\Wipotec\tools\configuratie tool\oude versie\TQS DeviceController Konfigurationstool 1.19.0\Files\WatchdogConf,0,0
              C:/OneDrive/Vioprint/OneDrive - Vioprint/leveranciers\Wipotec\tools\configuratie tool\oude versie\TQS DeviceController Konfigurationstool 1.19.0\Files\TaskSwitcherConf,0,0
            C:/OneDrive/Vioprint/OneDrive - Vioprint/leveranciers\Wipotec\tools\configuratie tool\oude versie\TQS DeviceController Konfigurationstool 1.19.0\en,0,0
            C:/OneDrive/Vioprint/OneDrive - Vioprint/leveranciers\Wipotec\tools\configuratie tool\oude versie\TQS DeviceController Konfigurationstool 1.19.0\de,0,0
            C:/OneDrive/Vioprint/OneDrive - Vioprint/leveranciers\Wipotec\tools\configuratie tool\oude versie\TQS DeviceController Konfigurationstool 1.19.0\cfg,0,0
          C:/OneDrive/Vioprint/OneDrive - Vioprint/leveranciers\Wipotec\tools\configuratie tool\oude versie\TQS DeviceController Konfigurationstool 1.17.0,0,0
            C:/OneDrive/Vioprint/OneDrive - Vioprint/leveranciers\Wipotec\tools\configuratie tool\oude versie\TQS DeviceController Konfigurationstool 1.17.0\Parameter,0,0
            C:/OneDrive/Vioprint/OneDrive - Vioprint/leveranciers\Wipotec\tools\configuratie tool\oude versie\TQS DeviceController Konfigurationstool 1.17.0\Files,0,0
              C:/OneDrive/Vioprint/OneDrive - Vioprint/leveranciers\Wipotec\tools\configuratie tool\oude versie\TQS DeviceController Konfigurationstool 1.17.0\Files\WatchdogConf,0,0
              C:/OneDrive/Vioprint/OneDrive - Vioprint/leveranciers\Wipotec\tools\configuratie tool\oude versie\TQS DeviceController Konfigurationstool 1.17.0\Files\TaskSwitcherConf,0,0
            C:/OneDrive/Vioprint/OneDrive - Vioprint/leveranciers\Wipotec\tools\configuratie tool\oude versie\TQS DeviceController Konfigurationstool 1.17.0\en,0,0
            C:/OneDrive/Vioprint/OneDrive - Vioprint/leveranciers\Wipotec\tools\configuratie tool\oude versie\TQS DeviceController Konfigurationstool 1.17.0\de,0,0
      C:/OneDrive/Vioprint/OneDrive - Vioprint/leveranciers\Wipotec\tools\AdExplorer,0,0
    C:/OneDrive/Vioprint/OneDrive - Vioprint/leveranciers\Wipotec\schermopnames,0,1
    C:/OneDrive/Vioprint/OneDrive - Vioprint/leveranciers\Wipotec\instructies,15,0
      C:/OneDrive/Vioprint/OneDrive - Vioprint/leveranciers\Wipotec\instructies\Zebra IP einstellen,8,0
      C:/OneDrive/Vioprint/OneDrive - Vioprint/leveranciers\Wipotec\instructies\vertalingen tjoapack,0,0
      C:/OneDrive/Vioprint/OneDrive - Vioprint/leveranciers\Wipotec\instructies\firewall instellingen nieuwe machines,0,0
        C:/OneDrive/Vioprint/OneDrive - Vioprint/leveranciers\Wipotec\instructies\firewall instellingen nieuwe machines\Firewall Documentation,0,0
          C:/OneDrive/Vioprint/OneDrive - Vioprint/leveranciers\Wipotec\instructies\firewall instellingen nieuwe machines\Firewall Documentation\previous,0,0
        C:/OneDrive/Vioprint/OneDrive - Vioprint/leveranciers\Wipotec\instructies\firewall instellingen nieuwe machines\Data sheets,0,0
        C:/OneDrive/Vioprint/OneDrive - Vioprint/leveranciers\Wipotec\instructies\firewall instellingen nieuwe machines\BigLinX VPN Server List,0,0
          C:/OneDrive/Vioprint/OneDrive - Vioprint/leveranciers\Wipotec\instructies\firewall instellingen nieuwe machines\BigLinX VPN Server List\previous,0,0
    C:/OneDrive/Vioprint/OneDrive - Vioprint/leveranciers\Wipotec\documentatie,0,0
      C:/OneDrive/Vioprint/OneDrive - Vioprint/leveranciers\Wipotec\documentatie\Documents,0,0
        C:/OneDrive/Vioprint/OneDrive - Vioprint/leveranciers\Wipotec\documentatie\Documents\Card Reader (Login),0,0
          C:/OneDrive/Vioprint/OneDrive - Vioprint/leveranciers\Wipotec\documentatie\Documents\Card Reader (Login)\ELATEC,0,0
    C:/OneDrive/Vioprint/OneDrive - Vioprint/leveranciers\Wipotec\bottleTQS_voorbeeld_bestanden,0,0
  C:/OneDrive/Vioprint/OneDrive - Vioprint/leveranciers\rota,207,0
    C:/OneDrive/Vioprint/OneDrive - Vioprint/leveranciers\rota\vertalingen Rota aangepast,69,0
      C:/OneDrive/Vioprint/OneDrive - Vioprint/leveranciers\rota\vertalingen Rota aangepast\Dutch,69,0
    C:/OneDrive/Vioprint/OneDrive - Vioprint/leveranciers\rota\English,69,0
    C:/OneDrive/Vioprint/OneDrive - Vioprint/leveranciers\rota\Dutch,69,0
  C:/OneDrive/Vioprint/OneDrive - Vioprint/leveranciers\REA,0,0
    C:/OneDrive/Vioprint/OneDrive - Vioprint/leveranciers\REA\handleiding samenvatting,0,0
  C:/OneDrive/Vioprint/OneDrive - Vioprint/leveranciers\inkdustry,0,0
  C:/OneDrive/Vioprint/OneDrive - Vioprint/leveranciers\cab,0,0
    C:/OneDrive/Vioprint/OneDrive - Vioprint/leveranciers\cab\opleiding,0,0
